{
  "executionTime": 43.461383,
  "cpuUsed": 4.0426693278490475,
  "memoryUsed": 0.002610757725109729,
  "memoryUsedMB": 1.25
}