{
  "executionTime": 101.36837,
  "cpuUsed": 9.004657961847467,
  "memoryUsed": 0.052998381819727505,
  "memoryUsedMB": 25.375
}