{
  "executionTime": 19.05361,
  "cpuUsed": 11.802225405054473,
  "memoryUsed": 0.013837015943081565,
  "memoryUsedMB": 6.625
}