{
  "executionTime": 1.319478,
  "cpuUsed": 3.2920215418521566,
  "memoryUsed": 0,
  "memoryUsedMB": 0
}
