{
  "executionTime": 21.894662,
  "cpuUsed": 10.794583172829979,
  "memoryUsed": 0.026890804568630213,
  "memoryUsedMB": 12.875
}