{
  "executionTime": 12.923621,
  "cpuUsed": 10.441636287538918,
  "memoryUsed": 0.0005221515450219459,
  "memoryUsedMB": 0.25
}