{
  "executionTime": 196.070712,
  "cpuUsed": 0.09381181825871067,
  "memoryUsed": 0.00026107577251097293,
  "memoryUsedMB": 0.125
}