{
  "executionTime": 66.575447,
  "cpuUsed": 14.089935438210427,
  "memoryUsed": 0.057958821497435996,
  "memoryUsedMB": 27.75
}