{
  "executionTime": 220.470695,
  "cpuUsed": 2.393175201810835,
  "memoryUsed": 0.026409446113063107,
  "memoryUsedMB": 12.64453125
}