{
  "executionTime": 3.172566,
  "cpuUsed": 4.661053544670151,
  "memoryUsed": 0.00026107577251097293,
  "memoryUsedMB": 0.125
}