{
  "executionTime": 76.202103,
  "cpuUsed": 11.421764829771169,
  "memoryUsed": 0.05900312458747988,
  "memoryUsedMB": 28.25
}