{
  "executionTime": 37.499683,
  "cpuUsed": 13.494614074470975,
  "memoryUsed": 0.013053788625548646,
  "memoryUsedMB": 6.25
}